mean_fit_time,std_fit_time,mean_score_time,std_score_time,param_auto_class_weights,param_bagging_temperature,param_border_count,param_depth,param_iterations,param_l2_leaf_reg,param_learning_rate,param_random_strength,params,split0_test_score,split1_test_score,split2_test_score,mean_test_score,std_test_score,rank_test_score
9.61555520693461,0.021919935181823707,0.10295375188191731,0.020674924883368317,Balanced,0.47454011884736247,124,6,171,6.986584841970366,0.05680559213273095,1.5599552033620265,"{'auto_class_weights': 'Balanced', 'bagging_temperature': 0.47454011884736247, 'border_count': 124, 'depth': 6, 'iterations': 171, 'l2_leaf_reg': 6.986584841970366, 'learning_rate': 0.05680559213273095, 'random_strength': 1.5599552033620265}",0.7654671817221341,0.7607591666543254,0.7669883613972905,0.7644049032579167,0.002651671603360316,8
29.044987201690674,2.7369465544911873,0.06147289276123047,0.003702273773366299,Balanced,0.15808361216819947,119,8,199,2.428668179219408,0.20526654188465587,0.5641257902710025,"{'auto_class_weights': 'Balanced', 'bagging_temperature': 0.15808361216819947, 'border_count': 119, 'depth': 8, 'iterations': 199, 'l2_leaf_reg': 2.428668179219408, 'learning_rate': 0.20526654188465587, 'random_strength': 0.5641257902710025}",0.7407425382989963,0.7536529218273578,0.7352773238947606,0.7432242613403716,0.007704321808166581,14
123.67686041196187,1.8371438789636445,0.13740118344624838,0.034723894619577866,Balanced,0.8219987722668247,189,9,485,2.818249672071006,0.06502135295603015,3.0424324295953773,"{'auto_class_weights': 'Balanced', 'bagging_temperature': 0.8219987722668247, 'border_count': 189, 'depth': 9, 'iterations': 485, 'l2_leaf_reg': 2.818249672071006, 'learning_rate': 0.06502135295603015, 'random_strength': 3.0424324295953773}",0.759837559429477,0.7754432558468634,0.7803596728093082,0.7718801626952162,0.008748752634867378,4
10.313195705413818,0.5122632785989951,0.07207735379536946,0.010565840585283126,Balanced,0.6247564316322378,120,4,158,4.998609717152554,0.023999698964084628,9.73756518841459,"{'auto_class_weights': 'Balanced', 'bagging_temperature': 0.6247564316322378, 'border_count': 120, 'depth': 4, 'iterations': 158, 'l2_leaf_reg': 4.998609717152554, 'learning_rate': 0.023999698964084628, 'random_strength': 9.73756518841459}",0.7301525356576863,0.7148945483027518,0.701086850995279,0.7153779783185724,0.01187093887493803,20
40.56853151321411,1.0170860842585796,0.05760947863260905,0.003431126364021144,Balanced,0.3327713404303042,221,9,150,4.824619912671627,0.3049692657420365,4.667638932479798,"{'auto_class_weights': 'Balanced', 'bagging_temperature': 0.3327713404303042, 'border_count': 221, 'depth': 9, 'iterations': 150, 'l2_leaf_reg': 4.824619912671627, 'learning_rate': 0.3049692657420365, 'random_strength': 4.667638932479798}",0.749388206550449,0.7289543358032249,0.7335962838087997,0.7373129420541579,0.008746272722829124,17
56.16792742411295,2.2232478047277833,0.0459906260172526,0.010693231200738056,Balanced,0.9599404067363205,166,8,428,1.6505159298527952,0.29466566117599996,9.656330330745593,"{'auto_class_weights': 'Balanced', 'bagging_temperature': 0.9599404067363205, 'border_count': 166, 'depth': 8, 'iterations': 428, 'l2_leaf_reg': 1.6505159298527952, 'learning_rate': 0.29466566117599996, 'random_strength': 9.656330330745593}",0.7386294902271526,0.735688369131128,0.7231055800460411,0.7324744798014405,0.006732743883213031,18
7.79056437810262,0.5341118688166607,0.04552133878072103,0.0029561940913341643,Balanced,0.9083973481164611,40,5,152,3.3089382562214897,0.0823076398078035,6.832645188254582,"{'auto_class_weights': 'Balanced', 'bagging_temperature': 0.9083973481164611, 'border_count': 40, 'depth': 5, 'iterations': 152, 'l2_leaf_reg': 3.3089382562214897, 'learning_rate': 0.0823076398078035, 'random_strength': 6.832645188254582}",0.7648979793977813,0.750911194153877,0.7463413189319404,0.7540501641611996,0.007894186107141463,11
16.23185086250305,2.0339541320041747,0.03863032658894857,0.008218849093867435,Balanced,0.7099966577826209,39,6,305,4.910606075732408,0.0646708263364187,7.553624103176524,"{'auto_class_weights': 'Balanced', 'bagging_temperature': 0.7099966577826209, 'border_count': 39, 'depth': 6, 'iterations': 305, 'l2_leaf_reg': 4.910606075732408, 'learning_rate': 0.0646708263364187, 'random_strength': 7.553624103176524}",0.7861796751188589,0.7744724124142902,0.7677762255252839,0.7761427710194777,0.007605450354329525,2
15.340187470118204,0.36140136373876974,0.04469601313273112,0.014793633303998749,Balanced,0.5251558744912447,85,5,359,2.8485445552552706,0.30087538832936755,7.751338233611145,"{'auto_class_weights': 'Balanced', 'bagging_temperature': 0.5251558744912447, 'border_count': 85, 'depth': 5, 'iterations': 359, 'l2_leaf_reg': 2.8485445552552706, 'learning_rate': 0.30087538832936755, 'random_strength': 7.751338233611145}",0.7638332012678289,0.7694217228686283,0.7401335156544391,0.7577961465969655,0.012696043800585222,10
43.07894547780355,0.6397133410977098,0.05229727427164713,0.007505480115739282,Balanced,1.039498941564189,221,7,369,8.27271995856421,0.1079622306417506,5.704449744053994,"{'auto_class_weights': 'Balanced', 'bagging_temperature': 1.039498941564189, 'border_count': 221, 'depth': 7, 'iterations': 369, 'l2_leaf_reg': 8.27271995856421, 'learning_rate': 0.1079622306417506, 'random_strength': 5.704449744053994}",0.7822811014263075,0.7568382755846041,0.7629842081619959,0.7673678617243026,0.010839639004399678,7
48.88623778025309,2.3034233919935887,0.04844371477762858,0.005025677890670481,Balanced,0.6208342600258236,221,8,307,8.473201101373808,0.17190763971672393,5.867521656638482,"{'auto_class_weights': 'Balanced', 'bagging_temperature': 0.6208342600258236, 'border_count': 221, 'depth': 8, 'iterations': 307, 'l2_leaf_reg': 8.473201101373808, 'learning_rate': 0.17190763971672393, 'random_strength': 5.867521656638482}",0.7716326597992602,0.7790320855526979,0.780602548217186,0.7770890978563814,0.003911191246371349,1
16.172121286392212,0.4242578660016939,0.05703592300415039,0.0012956388779992794,Balanced,1.065255307264138,219,7,140,3.962735057040824,0.05958008171890075,0.15637406741193932,"{'auto_class_weights': 'Balanced', 'bagging_temperature': 1.065255307264138, 'border_count': 219, 'depth': 7, 'iterations': 140, 'l2_leaf_reg': 3.962735057040824, 'learning_rate': 0.05958008171890075, 'random_strength': 0.15637406741193932}",0.7755606180665611,0.7678861447478192,0.7795862890579364,0.7743443506241056,0.004853371617619684,3
19.53084397315979,1.5639617063905784,0.04574402173360189,0.006089334654473981,Balanced,0.5234014807063696,160,7,235,1.055221171236024,0.25463842853645025,7.068583438476171,"{'auto_class_weights': 'Balanced', 'bagging_temperature': 0.5234014807063696, 'border_count': 160, 'depth': 7, 'iterations': 235, 'l2_leaf_reg': 1.055221171236024, 'learning_rate': 0.25463842853645025, 'random_strength': 7.068583438476171}",0.7497213417855257,0.738320506681542,0.7295328926691449,0.7391915803787376,0.008264883401905279,16
17.61627197265625,0.330837651021761,0.05520494778951009,0.014820361772187962,Balanced,0.8290071680409873,64,6,360,10.26300878513349,0.20532310765058334,9.149606755437807,"{'auto_class_weights': 'Balanced', 'bagging_temperature': 0.8290071680409873, 'border_count': 64, 'depth': 6, 'iterations': 360, 'l2_leaf_reg': 10.26300878513349, 'learning_rate': 0.20532310765058334, 'random_strength': 9.149606755437807}",0.764771526677232,0.765879625287345,0.7715338832585454,0.767395011741041,0.002961380726535267,6
5.501662890116374,0.9233052078571657,0.041066487630208336,0.009064517947779243,Balanced,0.9500385777897993,43,5,132,1.6355835028602363,0.10329469651469865,3.2518432202674705,"{'auto_class_weights': 'Balanced', 'bagging_temperature': 0.9500385777897993, 'border_count': 43, 'depth': 5, 'iterations': 132, 'l2_leaf_reg': 1.6355835028602363, 'learning_rate': 0.10329469651469865, 'random_strength': 3.2518432202674705}",0.7778991679873216,0.772355315532343,0.7570442918519908,0.7690995917905518,0.008819722878002628,5
26.753909190495808,1.092846977558753,0.08693401018778484,0.006120215316545355,Balanced,0.829606178338064,135,9,134,5.722149251619493,0.04587827378149051,7.132457872229949,"{'auto_class_weights': 'Balanced', 'bagging_temperature': 0.829606178338064, 'border_count': 135, 'depth': 9, 'iterations': 134, 'l2_leaf_reg': 5.722149251619493, 'learning_rate': 0.04587827378149051, 'random_strength': 7.132457872229949}",0.7191415742208136,0.7037502529952165,0.7240175146737226,0.7156364472965843,0.0086373186445979,19
206.28644434611002,17.02430382603715,0.9878473281860352,0.8818106916434064,Balanced,0.8607850486168974,249,9,458,1.4043358953843135,0.22319886690573623,1.1089182081183133,"{'auto_class_weights': 'Balanced', 'bagging_temperature': 0.8607850486168974, 'border_count': 249, 'depth': 9, 'iterations': 458, 'l2_leaf_reg': 1.4043358953843135, 'learning_rate': 0.22319886690573623, 'random_strength': 1.1089182081183133}",0.734148177496038,0.7455699097773806,0.7471140444843751,0.742277377252598,0.005782675534725914,15
10.458940347035727,0.4703088316198081,0.05690209070841471,0.003927129274808148,Balanced,0.5393365018657701,210,4,151,6.6327557197638365,0.21865482592783825,1.393324544058757,"{'auto_class_weights': 'Balanced', 'bagging_temperature': 0.5393365018657701, 'border_count': 210, 'depth': 4, 'iterations': 151, 'l2_leaf_reg': 6.6327557197638365, 'learning_rate': 0.21865482592783825, 'random_strength': 1.393324544058757}",0.7682039091389329,0.7545994118992495,0.7618896233292032,0.7615643147891286,0.005558774176670146,9
21.313559929529827,2.699384291321613,0.11790402730305989,0.01748431750406528,Balanced,0.7044173792778172,174,6,128,3.2879816549162246,0.0330939729486379,2.8975245291376805,"{'auto_class_weights': 'Balanced', 'bagging_temperature': 0.7044173792778172, 'border_count': 174, 'depth': 6, 'iterations': 128, 'l2_leaf_reg': 3.2879816549162246, 'learning_rate': 0.0330939729486379, 'random_strength': 2.8975245291376805}",0.7490613444268357,0.75378094152067,0.7534018189327634,0.752081368293423,0.00214108097312752,12
34.856597105662026,10.112177586979993,0.143509308497111,0.06172176620325508,Balanced,0.2612212872540044,97,5,144,3.95633685837714,0.041648277949081186,4.565355704829102,"{'auto_class_weights': 'Balanced', 'bagging_temperature': 0.2612212872540044, 'border_count': 97, 'depth': 5, 'iterations': 144, 'l2_leaf_reg': 3.95633685837714, 'learning_rate': 0.041648277949081186, 'random_strength': 4.565355704829102}",0.7486988246170101,0.7416427658177546,0.746408455223549,0.7455833485527711,0.002939114629528124,13
